policy,seed,mean_L1,mean_L2,mean_L4,mean_L5,p90_L1,p90_L2,red_flag_ttfr_mean,utilisation,max_wait_45,n_served
fcfs,0,13.9,36.76,39.31,28.82,26.5,74.79,13.9,0.739,103.89,90
fcfs,1,59.63,81.87,77.39,68.95,90.3,123.03,59.63,0.832,148.36,103
fcfs,2,94.55,108.95,116.32,129.12,141.96,197.63,94.55,0.914,254.6,112
fcfs,3,0.0,27.99,32.56,31.64,0.0,36.06,0.0,0.778,114.46,94
fcfs,4,20.96,38.43,31.5,42.03,38.83,78.36,20.96,0.71,82.09,88
fcfs,5,30.86,46.81,33.27,47.73,61.02,86.12,30.86,0.72,97.43,94
fcfs,6,68.9,95.11,90.16,79.73,68.9,140.64,68.9,0.815,155.78,108
fcfs,7,7.77,42.79,43.33,32.02,17.96,76.61,7.77,0.629,85.37,89
fcfs,8,144.63,79.63,104.11,96.59,148.32,126.66,144.63,0.834,157.27,105
fcfs,9,59.02,30.78,50.46,46.16,82.12,52.79,59.02,0.726,101.66,91
fcfs,10,92.39,113.54,96.13,81.56,127.07,150.91,92.39,0.766,156.18,101
fcfs,11,39.53,33.13,39.25,46.18,78.43,48.74,39.53,0.759,96.2,98
fcfs,12,13.7,16.49,23.46,18.79,13.7,39.04,13.7,0.656,51.24,88
fcfs,13,23.11,24.04,31.44,30.56,54.64,33.9,23.11,0.666,65.49,87
fcfs,14,47.94,54.06,36.64,39.77,70.8,77.52,47.94,0.687,81.11,85
fcfs,15,81.41,87.42,84.82,76.08,87.58,106.46,81.41,0.759,113.83,92
fcfs,16,154.04,131.13,106.71,130.36,185.61,177.18,154.04,0.817,195.53,106
fcfs,17,39.11,42.63,51.15,56.0,66.93,60.8,39.11,0.75,91.08,93
fcfs,18,32.35,49.06,58.95,54.37,36.37,90.19,32.35,0.764,116.09,104
fcfs,19,30.07,42.44,43.81,42.5,67.31,99.54,30.07,0.793,111.17,98
fcfs,20,69.9,64.17,50.43,58.85,96.13,94.01,69.9,0.771,104.11,103
fcfs,21,36.46,66.32,49.56,51.55,79.17,116.01,36.46,0.747,119.52,94
fcfs,22,206.14,140.08,154.22,158.88,241.56,268.64,206.14,0.943,299.02,121
fcfs,23,63.06,50.73,58.28,53.29,77.7,72.01,63.06,0.723,91.23,86
fcfs,24,40.52,38.62,33.68,40.66,56.13,58.39,40.52,0.713,67.38,96
fcfs,25,26.33,45.48,28.09,30.99,55.61,64.47,26.33,0.626,66.7,75
fcfs,26,72.9,70.66,88.42,84.43,90.62,122.89,72.9,0.799,137.42,96
fcfs,27,20.25,17.28,25.77,18.3,37.47,32.61,20.25,0.658,48.29,82
fcfs,28,75.62,51.23,47.75,54.25,75.62,76.6,75.62,0.703,83.33,97
fcfs,29,80.33,121.55,133.81,148.37,80.33,179.17,80.33,0.91,227.59,113
severity,0,5.77,5.98,28.5,74.69,11.15,11.43,5.77,0.739,202.49,90
severity,1,6.9,5.33,36.14,228.53,10.05,12.1,6.9,0.832,412.74,103
severity,2,5.06,6.33,79.3,321.77,9.99,14.08,5.06,0.914,479.54,112
severity,3,0.0,5.11,28.35,87.65,0.0,8.68,0.0,0.778,153.39,94
severity,4,6.81,3.9,21.18,95.31,13.65,7.28,6.81,0.71,181.66,88
severity,5,4.74,5.47,18.03,160.6,9.04,12.75,4.74,0.72,289.74,94
severity,6,0.42,4.51,50.49,203.44,0.42,8.48,0.42,0.815,362.63,108
severity,7,1.63,3.79,26.12,102.15,3.23,7.72,1.63,0.629,236.47,89
severity,8,5.0,12.84,59.58,335.62,6.98,26.39,5.0,0.834,484.09,105
severity,9,6.52,4.12,46.18,121.11,10.21,7.22,6.52,0.726,265.21,91
severity,10,5.17,7.91,93.46,257.42,9.78,16.49,5.17,0.766,454.9,101
severity,11,2.05,3.63,18.05,138.03,4.52,8.03,2.05,0.759,242.82,98
severity,12,4.24,3.15,11.36,45.96,4.24,6.74,4.24,0.656,118.01,88
severity,13,2.27,3.61,24.69,70.62,4.68,6.57,2.27,0.666,125.42,87
severity,14,3.35,4.42,41.83,94.43,4.62,7.99,3.35,0.687,189.65,85
severity,15,3.09,7.81,35.2,216.19,5.07,12.56,3.09,0.759,318.49,92
severity,16,2.89,7.94,101.78,315.11,5.91,20.76,2.89,0.817,490.0,106
severity,17,4.41,5.6,37.46,195.04,9.0,10.73,4.41,0.75,282.74,93
severity,18,2.64,5.27,34.44,163.89,3.19,9.45,2.64,0.764,239.01,104
severity,19,3.25,7.25,45.22,106.97,4.93,15.3,3.25,0.793,187.83,98
severity,20,5.78,4.57,54.56,190.88,7.3,11.72,5.78,0.771,268.21,103
severity,21,4.3,5.55,24.1,170.81,7.94,12.48,4.3,0.747,323.93,94
severity,22,4.76,4.03,163.18,484.73,7.65,7.07,4.76,0.943,598.96,121
severity,23,3.84,4.64,21.72,194.68,4.58,7.46,3.84,0.723,334.28,86
severity,24,2.12,5.68,18.96,131.26,3.47,14.37,2.12,0.713,188.7,96
severity,25,9.36,4.52,38.18,76.34,18.34,10.66,9.36,0.626,179.88,75
severity,26,2.64,5.64,31.73,229.92,4.93,11.61,2.64,0.799,383.93,96
severity,27,2.49,4.66,14.17,54.02,4.19,10.1,2.49,0.658,156.34,82
severity,28,1.79,5.11,13.76,103.75,1.79,10.17,1.79,0.703,164.78,97
severity,29,1.51,4.42,111.92,358.26,1.51,8.28,1.51,0.91,501.55,113
medqueue,0,5.77,5.98,32.88,69.64,11.15,11.43,5.77,0.739,202.49,90
medqueue,1,6.9,5.33,37.87,226.9,10.05,12.1,6.9,0.832,412.74,103
medqueue,2,5.06,6.33,79.04,321.77,9.99,14.08,5.06,0.914,479.54,112
medqueue,3,0.0,5.11,29.76,85.63,0.0,8.68,0.0,0.778,153.39,94
medqueue,4,6.81,3.9,21.73,94.57,13.65,7.28,6.81,0.71,181.66,88
medqueue,5,4.74,5.47,33.42,140.46,9.04,12.75,4.74,0.72,223.35,94
medqueue,6,0.42,4.51,50.46,202.66,0.42,8.48,0.42,0.815,362.63,108
medqueue,7,1.63,3.79,27.41,100.67,3.23,7.72,1.63,0.629,236.47,89
medqueue,8,5.0,12.84,56.43,333.45,6.98,26.39,5.0,0.834,444.21,105
medqueue,9,6.52,4.12,45.39,120.58,10.21,7.22,6.52,0.726,265.21,91
medqueue,10,5.17,7.98,89.77,256.58,9.78,16.49,5.17,0.766,454.9,101
medqueue,11,2.05,3.63,26.06,128.85,4.52,8.03,2.05,0.759,203.7,98
medqueue,12,4.24,3.15,13.81,44.06,4.24,6.74,4.24,0.656,100.45,88
medqueue,13,2.27,3.61,24.52,70.27,4.68,6.57,2.27,0.666,125.42,87
medqueue,14,3.35,4.42,41.55,94.43,4.62,7.99,3.35,0.687,189.65,85
medqueue,15,3.09,7.81,38.48,213.05,5.07,12.56,3.09,0.759,315.43,92
medqueue,16,2.89,7.94,98.64,315.11,5.91,20.76,2.89,0.817,490.0,106
medqueue,17,4.41,5.6,39.46,190.38,9.0,10.73,4.41,0.75,272.26,93
medqueue,18,2.64,5.27,38.33,157.37,3.19,9.45,2.64,0.764,239.01,104
medqueue,19,3.25,7.25,45.73,105.9,4.93,15.3,3.25,0.793,187.83,98
medqueue,20,5.78,4.57,60.56,179.77,7.3,11.72,5.78,0.771,254.48,103
medqueue,21,4.3,5.55,28.78,166.31,7.94,12.48,4.3,0.747,303.74,94
medqueue,22,4.76,4.19,158.07,484.73,7.65,7.07,4.76,0.943,598.96,121
medqueue,23,3.84,4.64,25.3,188.77,4.58,7.46,3.84,0.723,321.6,86
medqueue,24,2.12,5.68,23.68,125.21,3.47,14.37,2.12,0.713,188.7,96
medqueue,25,9.36,4.52,38.39,75.99,18.34,10.66,9.36,0.626,179.88,75
medqueue,26,2.64,5.64,37.74,223.32,4.93,11.61,2.64,0.799,380.55,96
medqueue,27,2.49,4.66,17.24,50.82,4.19,10.1,2.49,0.658,107.25,82
medqueue,28,1.79,5.11,18.63,100.81,1.79,10.17,1.79,0.703,160.32,97
medqueue,29,1.51,4.42,105.2,358.26,1.51,8.28,1.51,0.91,501.55,113
